Row Names,instance_auroc,full_pixel_auroc,anomaly_pixel_auroc
mvtec_bottle,1.0,0.9848541516928948,0.9795891846980764
Mean,1.0,0.9848541516928948,0.9795891846980764
