Row Names,instance_auroc,full_pixel_auroc,anomaly_pixel_auroc
mvtec_leather,1.0,0.9928165574566234,0.9902951417671055
Mean,1.0,0.9928165574566234,0.9902951417671055
