Row Names,instance_auroc,full_pixel_auroc,anomaly_pixel_auroc
mvtec_bottle,nan,0.9795900677471476,0.9795900677471476
Mean,nan,0.9795900677471476,0.9795900677471476
